{
  "eda": {
    "trainer": "meta_conviction_swing",
    "n_rows": 228929,
    "n_features": 22,
    "n_symbols": 310,
    "date_range": null,
    "feature_summary": {
      "score_pct": {
        "n_rows": 228929,
        "n_nonnan": 228929,
        "nan_pct": 0.0,
        "mean": 0.5016358783727706,
        "std": 0.28867422089040945,
        "min": 0.0032258064516129032,
        "max": 1.0,
        "skew": -1.0087518455538136e-10,
        "kurtosis": -1.200025677089787
      },
      "score_z": {
        "n_rows": 228929,
        "n_nonnan": 228929,
        "nan_pct": 0.0,
        "mean": 4.0348997133964254e-18,
        "std": 0.998364960119648,
        "min": -2.7540426075667344,
        "max": 6.598836644512974,
        "skew": 1.0006677024049204,
        "kurtosis": 1.0918746288134646
      },
      "score_dispersion": {
        "n_rows": 228929,
        "n_nonnan": 228929,
        "nan_pct": 0.0,
        "mean": 0.5855077467841624,
        "std": 0.11207166760053631,
        "min": 0.32837506819512935,
        "max": 0.8361952368101783,
        "skew": -0.40430876269717714,
        "kurtosis": -0.5500282111446051
      },
      "score_gap": {
        "n_rows": 228929,
        "n_nonnan": 228929,
        "nan_pct": 0.0,
        "mean": 0.01792434957754422,
        "std": 0.053830488870838474,
        "min": 0.0,
        "max": 3.041681564678744,
        "skew": 17.43370491888488,
        "kurtosis": 507.02328124949133
      },
      "regime_bull": {
        "n_rows": 228929,
        "n_nonnan": 228929,
        "nan_pct": 0.0,
        "mean": 0.26886065111890584,
        "std": 0.44336831198584,
        "min": 0.0,
        "max": 1.0,
        "skew": 1.0426607493611841,
        "kurtosis": -0.9128665369240383
      },
      "regime_bear": {
        "n_rows": 228929,
        "n_nonnan": 228929,
        "nan_pct": 0.0,
        "mean": 0.3973502701711011,
        "std": 0.4893506707720278,
        "min": 0.0,
        "max": 1.0,
        "skew": 0.4195381052896824,
        "kurtosis": -1.824003713390281
      },
      "regime_confidence": {
        "n_rows": 228929,
        "n_nonnan": 228929,
        "nan_pct": 0.0,
        "mean": 0.6245677335185434,
        "std": 0.14336819574418597,
        "min": 0.3333333333333333,
        "max": 1.0,
        "skew": -0.6811076839368655,
        "kurtosis": 1.547101405066703
      },
      "days_since_switch": {
        "n_rows": 228929,
        "n_nonnan": 228929,
        "nan_pct": 0.0,
        "mean": 27.229481629675576,
        "std": 21.868516570113407,
        "min": 0.0,
        "max": 98.0,
        "skew": 0.8875829101665309,
        "kurtosis": 0.19952997306915332
      },
      "mkt_rv21": {
        "n_rows": 228929,
        "n_nonnan": 228929,
        "nan_pct": 0.0,
        "mean": 0.007135671626346363,
        "std": 0.0026728801389286423,
        "min": 0.0031982694959632398,
        "max": 0.018617973504096785,
        "skew": 2.10848965120055,
        "kurtosis": 5.583917015249817
      },
      "mkt_ret_21": {
        "n_rows": 228929,
        "n_nonnan": 228929,
        "nan_pct": 0.0,
        "mean": 0.010314343424483414,
        "std": 0.03142335787784192,
        "min": -0.07159355946805612,
        "max": 0.12467961059120158,
        "skew": 0.18456773978137672,
        "kurtosis": 0.2480272830718082
      },
      "mkt_dist_high_63": {
        "n_rows": 228929,
        "n_nonnan": 228929,
        "nan_pct": 0.0,
        "mean": -0.02645822487304341,
        "std": 0.02673186246786412,
        "min": -0.10932807593868799,
        "max": 0.0,
        "skew": -1.0219016937645065,
        "kurtosis": 0.12785646410603224
      },
      "realized_vol_21": {
        "n_rows": 228929,
        "n_nonnan": 228929,
        "nan_pct": 0.0,
        "mean": 0.019530268450289955,
        "std": 0.009152639945155666,
        "min": 0.003607459014408189,
        "max": 0.16991804828121718,
        "skew": 2.8372110742988492,
        "kurtosis": 24.017996274026057
      },
      "beta_index_63": {
        "n_rows": 228929,
        "n_nonnan": 228929,
        "nan_pct": 0.0,
        "mean": 0.9722493151326018,
        "std": 0.5306222444131925,
        "min": -2.474184000958128,
        "max": 5.388157412012827,
        "skew": 0.41143887128636525,
        "kurtosis": 1.2904988446335826
      },
      "rel_volume_21": {
        "n_rows": 228929,
        "n_nonnan": 228929,
        "nan_pct": 0.0,
        "mean": 1.0193997300851712,
        "std": 0.9725791604018923,
        "min": 0.0,
        "max": 19.82460833219417,
        "skew": 5.655870498065695,
        "kurtosis": 54.80694038519164
      },
      "pullback_from_high_21": {
        "n_rows": 228929,
        "n_nonnan": 228929,
        "nan_pct": 0.0,
        "mean": -0.048790840516032635,
        "std": 0.050116588850166295,
        "min": -0.7945239145110582,
        "max": 0.0,
        "skew": -2.51584035619619,
        "kurtosis": 17.25038089423371
      },
      "tsfm_fwd_ret": {
        "n_rows": 228929,
        "n_nonnan": 228929,
        "nan_pct": 0.0,
        "mean": -0.005063468809461062,
        "std": 0.034279459689020735,
        "min": -0.487715276128055,
        "max": 3.20759370420571,
        "skew": 32.98540341208162,
        "kurtosis": 2667.136163002202
      },
      "tsfm_uncert": {
        "n_rows": 228929,
        "n_nonnan": 228929,
        "nan_pct": 0.0,
        "mean": 0.0,
        "std": 0.0,
        "min": 0.0,
        "max": 0.0,
        "skew": 0.0,
        "kurtosis": 0.0
      },
      "kronos_fwd_ret": {
        "n_rows": 228929,
        "n_nonnan": 228929,
        "nan_pct": 0.0,
        "mean": -0.10114489366006978,
        "std": 0.18590146743676053,
        "min": -0.9631932578187636,
        "max": 3.3171076403365296,
        "skew": 0.8551736758413595,
        "kurtosis": 16.14730763918767
      },
      "chronos_fwd_ret": {
        "n_rows": 228929,
        "n_nonnan": 228929,
        "nan_pct": 0.0,
        "mean": 0.0008111304232882516,
        "std": 0.014674640537770256,
        "min": -0.7098726138663134,
        "max": 0.3510981283560408,
        "skew": -1.8943299102410032,
        "kurtosis": 157.7177319099275
      },
      "chronos_uncert": {
        "n_rows": 228929,
        "n_nonnan": 228929,
        "nan_pct": 0.0,
        "mean": 0.1480209075287001,
        "std": 0.05775527594634442,
        "min": 0.027985301785459302,
        "max": 3.099712320607155,
        "skew": 6.997356239169128,
        "kurtosis": 273.4275779749321
      },
      "ens_fwd_ret": {
        "n_rows": 228929,
        "n_nonnan": 228929,
        "nan_pct": 0.0,
        "mean": -0.03513241068208086,
        "std": 0.0647871245487355,
        "min": -0.36109294695388866,
        "max": 1.8262800709601053,
        "skew": 1.7274160468108537,
        "kurtosis": 38.35448153311712
      },
      "tsfm_kronos_spread": {
        "n_rows": 228929,
        "n_nonnan": 228929,
        "nan_pct": 0.0,
        "mean": 0.14704260347527084,
        "std": 0.14395112806851554,
        "min": 1.7872893345316498e-06,
        "max": 3.250829093383288,
        "skew": 2.584289859186034,
        "kurtosis": 21.479067738894745
      }
    },
    "label_summary": {
      "n": 228929,
      "counts": {
        "0": 123294,
        "1": 105635
      },
      "ratios": {
        "0": 0.5386,
        "1": 0.4614
      },
      "blockers": [],
      "warnings": []
    },
    "ic_summary": {
      "per_feature": {
        "score_pct": 0.00471,
        "score_z": 0.00507,
        "score_dispersion": 0.10013,
        "score_gap": 0.00268,
        "regime_bull": 0.11226,
        "regime_bear": -0.05874,
        "regime_confidence": -0.07083,
        "days_since_switch": 0.02827,
        "mkt_rv21": 0.03033,
        "mkt_ret_21": 0.03655,
        "mkt_dist_high_63": 0.02453,
        "realized_vol_21": 0.0209,
        "beta_index_63": 0.00467,
        "rel_volume_21": 0.01743,
        "pullback_from_high_21": 0.00302,