{
  "features": [
    "score_pct",
    "score_z",
    "score_dispersion",
    "score_gap",
    "regime_bull",
    "regime_bear",
    "regime_confidence",
    "days_since_switch",
    "mkt_rv21",
    "mkt_ret_21",
    "mkt_dist_high_63",
    "realized_vol_63",
    "beta_index_63",
    "amihud_illiq_21",
    "dist_high_252",
    "tsfm_fwd_ret",
    "tsfm_uncert",
    "kronos_fwd_ret",
    "ens_fwd_ret",
    "tsfm_kronos_spread"
  ],
  "n_rows": 226344,
  "stats": {
    "score_pct": {
      "mean": 0.5016700243876576,
      "std": 0.2886747721843785,
      "p10": 0.10101010101010101,
      "p50": 0.501628664495114,
      "p90": 0.9022801302931596
    },
    "score_z": {
      "mean": -9.417648390415917e-18,
      "std": 0.9983307820233707,
      "p10": -1.0207985788681626,
      "p50": -0.2223385733246539,
      "p90": 1.3833014929575038
    },
    "score_dispersion": {
      "mean": 0.4971365649553663,
      "std": 0.09578425532109981,
      "p10": 0.3193169802170322,
      "p50": 0.5147873423037408,
      "p90": 0.6006263632519974
    },
    "score_gap": {
      "mean": 0.018902930567284083,
      "std": 0.058925007057930634,
      "p10": 0.0008613886325343328,
      "p50": 0.006749610308990982,
      "p90": 0.036646746913998815
    },
    "regime_bull": {
      "mean": 0.27155126709786875,
      "std": 0.4447606664035369,
      "p10": 0.0,
      "p50": 0.0,
      "p90": 1.0
    },
    "regime_bear": {
      "mean": 0.40400452408723003,
      "std": 0.49069943184144527,
      "p10": 0.0,
      "p50": 0.0,
      "p90": 1.0
    },
    "regime_confidence": {
      "mean": 0.6284887899244807,
      "std": 0.14017157728637725,
      "p10": 0.3333333333333333,
      "p50": 0.6666666666666666,
      "p90": 0.6666666666666666
    },
    "days_since_switch": {
      "mean": 27.58863941610999,
      "std": 21.881996656811395,
      "p10": 3.0,
      "p50": 23.0,
      "p90": 59.0
    },
    "mkt_rv21": {
      "mean": 0.007121095530493285,
      "std": 0.0026881756952918476,
      "p10": 0.0047066091736116915,
      "p50": 0.0064638415440673325,
      "p90": 0.009847708568492809
    },
    "mkt_ret_21": {
      "mean": 0.01078360406063119,
      "std": 0.031247803915939933,
      "p10": -0.027868018317742327,
      "p50": 0.010145978747887696,
      "p90": 0.04803777800173337
    },
    "mkt_dist_high_63": {
      "mean": -0.026231838240646198,
      "std": 0.026793436448252075,
      "p10": -0.06956677393688537,
      "p50": -0.01751177340664789,
      "p90": 0.0
    },
    "realized_vol_63": {
      "mean": 0.02019973005324411,
      "std": 0.007746427443783764,
      "p10": 0.012242905238743513,
      "p50": 0.01858567948648985,
      "p90": 0.029974929782555546
    },
    "beta_index_63": {
      "mean": 0.9726865431365876,
      "std": 0.530666483128734,
      "p10": 0.3349601626657777,
      "p50": 0.9475545311629849,
      "p90": 1.6463061245524366
    },
    "amihud_illiq_21": {
      "mean": 295.8616383973911,
      "std": 20476.350757210123,
      "p10": 3.242391532415869e-12,
      "p50": 1.703324347250564e-11,
      "p90": 1.1564170256820746e-10
    },
    "dist_high_252": {
      "mean": -0.16988361274469832,
      "std": 0.13232666372654964,
      "p10": -0.3583911579527752,
      "p50": -0.14004435278985305,
      "p90": -0.026501412642788772
    },
    "tsfm_fwd_ret": {
      "mean": -0.004998003255777615,
      "std": 0.03431285889811031,
      "p10": -0.029990016705957728,
      "p50": -0.0035972607884201535,
      "p90": 0.017292657781902587
    },
    "tsfm_uncert": {
      "mean": 0.0,
      "std": 0.0,
      "p10": 0.0,
      "p50": 0.0,
      "p90": 0.0
    },
    "kronos_fwd_ret": {
      "mean": -0.10102008510396365,
      "std": 0.18602659114311046,
      "p10": -0.3328007211050631,
      "p50": -0.07883026762869794,
      "p90": 0.08066916078334829
    },
    "ens_fwd_ret": {
      "mean": -0.05300904417987063,
      "std": 0.09796555061406041,
      "p10": -0.17119158841094023,
      "p50": -0.04226211241041922,
      "p90": 0.04087118847107074
    },
    "tsfm_kronos_spread": {
      "mean": 0.14714728701175597,
      "std": 0.14403261633876893,
      "p10": 0.016850421334077104,
      "p50": 0.10218293490313729,
      "p90": 0.3401151646046259
    }
  }
}