{
  "eda": {
    "trainer": "meta_conviction_momentum",
    "n_rows": 226344,
    "n_features": 20,
    "n_symbols": 310,
    "date_range": null,
    "feature_summary": {
      "score_pct": {
        "n_rows": 226344,
        "n_nonnan": 226344,
        "nan_pct": 0.0,
        "mean": 0.5016700243876576,
        "std": 0.2886747721843785,
        "min": 0.0032258064516129032,
        "max": 1.0,
        "skew": -1.270313872737018e-08,
        "kurtosis": -1.2000167564910826
      },
      "score_z": {
        "n_rows": 226344,
        "n_nonnan": 226344,
        "nan_pct": 0.0,
        "mean": -9.417648390415917e-18,
        "std": 0.9983307820233707,
        "min": -2.4193637672874657,
        "max": 6.360438108553743,
        "skew": 1.1567674856761032,
        "kurtosis": 1.8065192401550503
      },
      "score_dispersion": {
        "n_rows": 226344,
        "n_nonnan": 226344,
        "nan_pct": 0.0,
        "mean": 0.4971365649553663,
        "std": 0.09578425532109981,
        "min": 0.23165659800178076,
        "max": 0.6722679186686771,
        "skew": -0.798191234280657,
        "kurtosis": -0.03260188705427147
      },
      "score_gap": {
        "n_rows": 226344,
        "n_nonnan": 226344,
        "nan_pct": 0.0,
        "mean": 0.018902930567284083,
        "std": 0.058925007057930634,
        "min": 0.0,
        "max": 2.4153087644197884,
        "skew": 13.784281689581416,
        "kurtosis": 291.16288933793425
      },
      "regime_bull": {
        "n_rows": 226344,
        "n_nonnan": 226344,
        "nan_pct": 0.0,
        "mean": 0.27155126709786875,
        "std": 0.4447606664035369,
        "min": 0.0,
        "max": 1.0,
        "skew": 1.0272974602944709,
        "kurtosis": -0.9446682753413911
      },
      "regime_bear": {
        "n_rows": 226344,
        "n_nonnan": 226344,
        "nan_pct": 0.0,
        "mean": 0.40400452408723003,
        "std": 0.49069943184144527,
        "min": 0.0,
        "max": 1.0,
        "skew": 0.39126323740135743,
        "kurtosis": -1.8469293988036857
      },
      "regime_confidence": {
        "n_rows": 226344,
        "n_nonnan": 226344,
        "nan_pct": 0.0,
        "mean": 0.6284887899244807,
        "std": 0.14017157728637725,
        "min": 0.3333333333333333,
        "max": 1.0,
        "skew": -0.7029556086713828,
        "kurtosis": 1.8582278933221765
      },
      "days_since_switch": {
        "n_rows": 226344,
        "n_nonnan": 226344,
        "nan_pct": 0.0,
        "mean": 27.58863941610999,
        "std": 21.881996656811395,
        "min": 0.0,
        "max": 98.0,
        "skew": 0.8668038900275635,
        "kurtosis": 0.161340915209085
      },
      "mkt_rv21": {
        "n_rows": 226344,
        "n_nonnan": 226344,
        "nan_pct": 0.0,
        "mean": 0.007121095530493285,
        "std": 0.0026881756952918476,
        "min": 0.0031982694959632398,
        "max": 0.018617973504096785,
        "skew": 2.1110173012510534,
        "kurtosis": 5.5322989684846835
      },
      "mkt_ret_21": {
        "n_rows": 226344,
        "n_nonnan": 226344,
        "nan_pct": 0.0,
        "mean": 0.01078360406063119,
        "std": 0.031247803915939933,
        "min": -0.07159355946805612,
        "max": 0.12467961059120158,
        "skew": 0.17413402361304506,
        "kurtosis": 0.29921735282782924
      },
      "mkt_dist_high_63": {
        "n_rows": 226344,
        "n_nonnan": 226344,
        "nan_pct": 0.0,
        "mean": -0.026231838240646198,
        "std": 0.026793436448252075,
        "min": -0.10932807593868799,
        "max": 0.0,
        "skew": -1.0467879435989542,
        "kurtosis": 0.1647565611165036
      },
      "realized_vol_63": {
        "n_rows": 226344,
        "n_nonnan": 226344,
        "nan_pct": 0.0,
        "mean": 0.02019973005324411,
        "std": 0.007746427443783764,
        "min": 0.00525269826808208,
        "max": 0.1009103048274696,
        "skew": 2.0275605596261266,
        "kurtosis": 10.83716420279589
      },
      "beta_index_63": {
        "n_rows": 226344,
        "n_nonnan": 226344,
        "nan_pct": 0.0,
        "mean": 0.9726865431365876,
        "std": 0.530666483128734,
        "min": -2.474184000958128,
        "max": 5.388157412012827,
        "skew": 0.409972357652812,
        "kurtosis": 1.304633358365633
      },
      "amihud_illiq_21": {
        "n_rows": 226344,
        "n_nonnan": 226344,
        "nan_pct": 0.0,
        "mean": 295.8616383973911,
        "std": 20476.350757210123,
        "min": 1.8060555804713665e-13,
        "max": 1997089.6810508023,
        "skew": 88.82441735265155,
        "kurtosis": 8457.315646019155
      },
      "dist_high_252": {
        "n_rows": 226344,
        "n_nonnan": 226344,
        "nan_pct": 0.0,
        "mean": -0.16988361274469832,
        "std": 0.13232666372654964,
        "min": -0.8484590123911869,
        "max": -3.780309398848658e-13,
        "skew": -1.067937526841686,
        "kurtosis": 1.1026807351075307
      },
      "tsfm_fwd_ret": {
        "n_rows": 226344,
        "n_nonnan": 226344,
        "nan_pct": 0.0,
        "mean": -0.004998003255777615,
        "std": 0.03431285889811031,
        "min": -0.487715276128055,
        "max": 3.20759370420571,
        "skew": 33.294286942390585,
        "kurtosis": 2686.6620009230373
      },
      "tsfm_uncert": {
        "n_rows": 226344,
        "n_nonnan": 226344,
        "nan_pct": 0.0,
        "mean": 0.0,
        "std": 0.0,
        "min": 0.0,
        "max": 0.0,
        "skew": 0.0,
        "kurtosis": 0.0
      },
      "kronos_fwd_ret": {
        "n_rows": 226344,
        "n_nonnan": 226344,
        "nan_pct": 0.0,
        "mean": -0.10102008510396365,
        "std": 0.18602659114311046,
        "min": -0.9631932578187636,
        "max": 3.3171076403365296,
        "skew": 0.8692454894509629,
        "kurtosis": 16.27800557637444
      },
      "ens_fwd_ret": {
        "n_rows": 226344,
        "n_nonnan": 226344,
        "nan_pct": 0.0,
        "mean": -0.05300904417987063,
        "std": 0.09796555061406041,
        "min": -0.5579705557866561,
        "max": 2.8525711783839243,
        "skew": 1.8152577618345507,
        "kurtosis": 41.10999347122174
      },
      "tsfm_kronos_spread": {
        "n_rows": 226344,
        "n_nonnan": 226344,
        "nan_pct": 0.0,
        "mean": 0.14714728701175597,
        "std": 0.14403261633876893,
        "min": 1.7872893345316498e-06,
        "max": 3.250829093383288,
        "skew": 2.5965587268952164,
        "kurtosis": 21.66373395239153
      }
    },
    "label_summary": {
      "n": 226344,
      "counts": {
        "1": 117588,
        "0": 108756
      },
      "ratios": {
        "1": 0.5195,
        "0": 0.4805
      },
      "blockers": [],
      "warnings": []
    },
    "ic_summary": {
      "per_feature": {
        "score_pct": 0.00643,
        "score_z": -0.00011,
        "score_dispersion": 0.08323,
        "score_gap": 0.00827,
        "regime_bull": 0.13001,
        "regime_bear": -0.08382,
        "regime_confidence": -0.07234,
        "days_since_switch": 0.07491,
        "mkt_rv21": 0.01506,
        "mkt_ret_21": 0.05356,
        "mkt_dist_high_63": 0.05131,
        "realized_vol_63": 0.01344,
        "beta_index_63": 0.01095,
        "amihud_illiq_21": -0.02285,
        "dist_high_252": 0.06042,
        "tsfm_fwd_ret": 0.00374,
        "tsfm_uncert": 0.0,
        "kronos_fwd_ret": -0.03682,
        "ens_fwd_ret": -0.03721,
        "tsfm_kronos_spread": 0.03612
      },
      "max_abs_ic": 0.13001,
      "n_above_005": 8,
      "blockers": []
    },
    "leakage_summary": {
      "suspect_features": [],
      "blockers": []
    },
    "near_constant": [
      "score_dispersion",
      "regime_bull",
      "regime_bear",
      "regime_confidence",
      "days_since_switch",
      "mkt_rv21",
      "mkt_ret_21",
      "mkt_dist_high_63",
      "tsfm_uncert"
    ],
    "blockers": [],
    "warnings": []
  },