{
  "features": [
    "ret_1d",
    "ret_2d",
    "ret_3d",
    "ret_5d",
    "ret_10d",
    "ret_21d",
    "ret_42d",
    "ret_63d",
    "rsi_2",
    "rsi_14",
    "zscore_10",
    "zscore_20",
    "dist_sma_5",
    "dist_sma_10",
    "dist_sma_20",
    "dist_ema_9",
    "boll_pos_20",
    "pullback_from_high_21",
    "bounce_from_low_21",
    "close_pos_21",
    "gap_open",
    "gap_abs_mean_5",
    "range_pct_1d",
    "close_pos_1d",
    "sma_5_20_align",
    "sma20_slope_10",
    "ema_9_21_spread",
    "adx_14",
    "macd_hist_norm",
    "realized_vol_5",
    "realized_vol_10",
    "realized_vol_21",
    "vol_ratio_5_21",
    "parkinson_vol_10",
    "atr_pct_14",
    "rel_volume_5",
    "rel_volume_21",
    "vol_zscore_10",
    "up_vol_ratio_10",
    "obv_slope_10",
    "volume_breakout",
    "vol_adj_mom_21",
    "mom_consistency_10",
    "rs_index_5",
    "rs_index_10",
    "rs_index_21",
    "rs_index_slope_5",
    "beta_index_63",
    "corr_index_63",
    "xs_rank_ret_5",
    "xs_rank_ret_10",
    "xs_rank_ret_21",
    "xs_rank_zscore_20",
    "xs_rank_vol_adj_mom_21",
    "xs_rank_rs_index_10",
    "tsfm_fwd_ret",
    "tsfm_uncert",
    "kronos_fwd_ret",
    "chronos_fwd_ret",
    "chronos_uncert",
    "ens_fwd_ret"
  ],
  "n_rows": 344595,
  "stats": {
    "ret_1d": {
      "mean": 0.0007903932620533991,
      "std": 0.022061186347592347,
      "p10": -0.02186756111838588,
      "p50": 0.0,
      "p90": 0.024385929949213295
    },
    "ret_2d": {
      "mean": 0.0015992082054205187,
      "std": 0.0315185934342119,
      "p10": -0.0317316011283173,
      "p50": 0.0003279617628315634,
      "p90": 0.036031953283395625
    },
    "ret_3d": {
      "mean": 0.00240979735697066,
      "std": 0.038629803317878436,
      "p10": -0.03921675231936952,
      "p50": 0.0007527641965676679,
      "p90": 0.04532601003708929
    },
    "ret_5d": {
      "mean": 0.004035455964329048,
      "std": 0.0498864514844576,
      "p10": -0.050639332223193986,
      "p50": 0.0018068168328064793,
      "p90": 0.060162677689431066
    },
    "ret_10d": {
      "mean": 0.008331527645363308,
      "std": 0.0700423848106864,
      "p10": -0.06866098154115838,
      "p50": 0.0042918454935623185,
      "p90": 0.0882256741545796
    },
    "ret_21d": {
      "mean": 0.018132462743611216,
      "std": 0.10378558693471253,
      "p10": -0.09527836551145578,
      "p50": 0.010247646611669436,
      "p90": 0.13818139513314331
    },
    "ret_42d": {
      "mean": 0.0369351183056113,
      "std": 0.1543843819553948,
      "p10": -0.1285312150794758,
      "p50": 0.020861683523188734,
      "p90": 0.21751151138177663
    },
    "ret_63d": {
      "mean": 0.05714203313578022,
      "std": 0.1975096376536898,
      "p10": -0.1515443895739974,
      "p50": 0.03275024529996862,
      "p90": 0.2881966710460669
    },
    "rsi_2": {
      "mean": 50.87116953065281,
      "std": 31.44128135545564,
      "p10": 7.232083979369637,
      "p50": 51.33986367653821,
      "p90": 93.6147108606915
    },
    "rsi_14": {
      "mean": 51.79193198650496,
      "std": 12.417346048683031,
      "p10": 35.83423606602626,
      "p50": 51.63486433509801,
      "p90": 68.12800609468582
    },
    "zscore_10": {
      "mean": 0.06650095265401076,
      "std": 1.2004866211128242,
      "p10": -1.5485550190330197,
      "p50": 0.10972953792540584,
      "p90": 1.6226603154075043
    },
    "zscore_20": {
      "mean": 0.11978548991430694,
      "std": 1.300083838539816,
      "p10": -1.5988743278429667,
      "p50": 0.16617568815132214,
      "p90": 1.7772035199074854
    },
    "dist_sma_5": {
      "mean": 0.0012071631804503739,
      "std": 0.02436963043253113,
      "p10": -0.024697073700661543,
      "p50": 0.0005656609164126358,
      "p90": 0.027736464178648397
    },
    "dist_sma_10": {
      "mean": 0.002857587407410325,
      "std": 0.03725872141979022,
      "p10": -0.037697014188398034,
      "p50": 0.0017009881718237363,
      "p90": 0.044310052887961145
    },
    "dist_sma_20": {
      "mean": 0.006378432114654212,
      "std": 0.054475839818993926,
      "p10": -0.05349060138895105,
      "p50": 0.003968341516922713,
      "p90": 0.06820491588741745
    },
    "dist_ema_9": {
      "mean": 0.002207726531210596,
      "std": 0.029401019160975796,
      "p10": -0.02943669451967561,
      "p50": 0.001516677561119506,
      "p90": 0.03449521018336719
    },
    "boll_pos_20": {
      "mean": 0.05989274495840912,
      "std": 0.6500419193141578,
      "p10": -0.7994371639658843,
      "p50": 0.08308784409044774,
      "p90": 0.8886017599694254
    },
    "pullback_from_high_21": {
      "mean": -0.051092286029563345,
      "std": 0.05127573579416583,
      "p10": -0.1175270009453462,
      "p50": -0.03840827927993584,
      "p90": 0.0
    },
    "bounce_from_low_21": {
      "mean": 0.07244468380442538,
      "std": 0.07678886885752599,
      "p10": 0.0,
      "p50": 0.05279966288634985,
      "p90": 0.16296406846170847
    },
    "close_pos_21": {
      "mean": 0.5161027631939429,
      "std": 0.29015767488145106,
      "p10": 0.10525779665795972,
      "p50": 0.5298280801743043,
      "p90": 0.9022066668169396
    },
    "gap_open": {
      "mean": 0.0019873858447904554,
      "std": 0.009733588824884008,
      "p10": -0.005597116304639193,
      "p50": 0.001801135837154355,
      "p90": 0.009553487141300157
    },
    "gap_abs_mean_5": {
      "mean": 0.0056286631893199554,
      "std": 0.004427293251024078,
      "p10": 0.002041348715311617,
      "p50": 0.004588680503085629,
      "p90": 0.010085108160475179
    },
    "range_pct_1d": {
      "mean": 0.030654616167252603,
      "std": 0.018723088361861824,
      "p10": 0.01408828188613992,
      "p50": 0.02603785046444136,
      "p90": 0.0520000203441844
    },
    "close_pos_1d": {
      "mean": 0.46285039411422285,
      "std": 0.2680652369481963,
      "p10": 0.12499999999768638,
      "p50": 0.434754906625687,
      "p90": 0.8484846883296496
    },
    "sma_5_20_align": {
      "mean": 0.5385916800882194,
      "std": 0.49850918085574625,
      "p10": 0.0,
      "p50": 1.0,
      "p90": 1.0
    },
    "sma20_slope_10": {
      "mean": 0.007250532279885672,
      "std": 0.04520222222916913,
      "p10": -0.04313602227437354,
      "p50": 0.0050522619038368966,
      "p90": 0.05959019194081008
    },
    "ema_9_21_spread": {
      "mean": 0.0021947910939944626,
      "std": 0.025379710065509035,
      "p10": -0.02471048427935087,
      "p50": 0.0027454157570235074,
      "p90": 0.02931369652912776
    },
    "adx_14": {
      "mean": 25.25491283703332,
      "std": 10.112810549804493,
      "p10": 14.225394268855839,
      "p50": 23.166915739703093,
      "p90": 39.490110977617874
    },
    "macd_hist_norm": {
      "mean": -1.720983567413797e-05,
      "std": 0.007823816405545182,
      "p10": -0.008280348976803922,
      "p50": 4.0317232835026765e-05,
      "p90": 0.008346313681110919
    },
    "realized_vol_5": {
      "mean": 0.01835777031445907,
      "std": 0.012159916681474706,
      "p10": 0.007162737027841415,
      "p50": 0.015559799027421177,
      "p90": 0.0323905435241156
    },
    "realized_vol_10": {
      "mean": 0.019427814064816567,
      "std": 0.010472970841655244,
      "p10": 0.009413012305318477,
      "p50": 0.017175402457046872,
      "p90": 0.03164545159274183
    },
    "realized_vol_21": {
      "mean": 0.02014213373262087,
      "std": 0.009090969659808879,
      "p10": 0.011054960194928297,
      "p50": 0.01835195301649106,
      "p90": 0.031111369471925866
    },
    "vol_ratio_5_21": {
      "mean": 0.9209119112266086,
      "std": 0.38829868751113394,
      "p10": 0.43686532206537887,
      "p50": 0.8847650410883309,
      "p90": 1.4622601170150133
    },
    "parkinson_vol_10": {
      "mean": 0.020009596364082737,
      "std": 0.00808833954797448,
      "p10": 0.011611890910874029,
      "p50": 0.018466358770555046,
      "p90": 0.030177046155809833
    },