{
  "features": [
    "ret_21d",
    "ret_42d",
    "ret_63d",
    "ret_126d",
    "ret_189d",
    "ret_252d",
    "ret_252_21",
    "mom_consistency_126",
    "mom_consistency_252",
    "sharpe_126",
    "sharpe_252",
    "vol_adj_mom_126",
    "vol_adj_mom_252",
    "dist_sma_50",
    "dist_sma_100",
    "dist_sma_200",
    "sma_50_200_align",
    "sma_100_slope_63",
    "sma_200_slope_63",
    "pct_days_above_sma200_126",
    "dist_high_252",
    "price_vs_52w_range",
    "drawdown_252",
    "max_drawdown_126",
    "ulcer_index_126",
    "realized_vol_63",
    "realized_vol_126",
    "realized_vol_252",
    "vol_ratio_63_252",
    "downside_vol_126",
    "turnover_63",
    "amihud_illiq_63",
    "dollar_vol_zscore_126",
    "rs_index_63",
    "rs_index_126",
    "rs_index_252",
    "rs_index_slope_21",
    "beta_index_252",
    "corr_index_252",
    "xs_rank_ret_126",
    "xs_rank_ret_252",
    "xs_rank_ret_252_21",
    "xs_rank_vol_adj_mom_126",
    "xs_rank_vol_adj_mom_252",
    "xs_rank_rs_index_126",
    "xs_rank_rs_index_252",
    "tsfm_fwd_ret",
    "tsfm_uncert",
    "kronos_fwd_ret",
    "chronos_fwd_ret",
    "chronos_uncert",
    "ens_fwd_ret"
  ],
  "n_rows": 308595,
  "stats": {
    "ret_21d": {
      "mean": 0.014968187222413387,
      "std": 0.10199018865312415,
      "p10": -0.09744795409072504,
      "p50": 0.007867657917353776,
      "p90": 0.1333791893183853
    },
    "ret_42d": {
      "mean": 0.030703365931545955,
      "std": 0.15124660313219077,
      "p10": -0.13257911464503586,
      "p50": 0.015587236793216386,
      "p90": 0.20834476607021052
    },
    "ret_63d": {
      "mean": 0.048254013450418874,
      "std": 0.19257556458700784,
      "p10": -0.1567770376942933,
      "p50": 0.024725679758635932,
      "p90": 0.2756538397292281
    },
    "ret_126d": {
      "mean": 0.10700639714067893,
      "std": 0.3009739448046233,
      "p10": -0.20681252166055009,
      "p50": 0.06221642137339045,
      "p90": 0.46398248184799207
    },
    "ret_189d": {
      "mean": 0.18041992046188943,
      "std": 0.41846924611819636,
      "p10": -0.22397287028344937,
      "p50": 0.09994674394432224,
      "p90": 0.6639896158235902
    },
    "ret_252d": {
      "mean": 0.26759307586329206,
      "std": 0.5590115560836172,
      "p10": -0.23890590103248355,
      "p50": 0.14502611551220368,
      "p90": 0.9079023828135601
    },
    "ret_252_21": {
      "mean": 0.24671445256358987,
      "std": 0.5196314912978512,
      "p10": -0.23265842185108981,
      "p50": 0.1361969104015328,
      "p90": 0.844739681255056
    },
    "mom_consistency_126": {
      "mean": 0.4970291621241895,
      "std": 0.049277196503443546,
      "p10": 0.42857142857142855,
      "p50": 0.5,
      "p90": 0.5555555555555556
    },
    "mom_consistency_252": {
      "mean": 0.4982000603348973,
      "std": 0.038206965452988455,
      "p10": 0.44841269841269843,
      "p50": 0.5,
      "p90": 0.5476190476190477
    },
    "sharpe_126": {
      "mean": 0.03573859741372481,
      "std": 0.08885952207730019,
      "p10": -0.07836246440091156,
      "p50": 0.035537717116706974,
      "p90": 0.15068189269815396
    },
    "sharpe_252": {
      "mean": 0.0397949396578433,
      "std": 0.06347900465072363,
      "p10": -0.041011099799630024,
      "p50": 0.0380357635897482,
      "p90": 0.12330378343391918
    },
    "vol_adj_mom_126": {
      "mean": 0.425678757396253,
      "std": 1.138651460676068,
      "p10": -0.909724434388981,
      "p50": 0.3062687449060758,
      "p90": 1.9293184394174279
    },
    "vol_adj_mom_252": {
      "mean": 0.7104327389345142,
      "std": 1.3584405880100967,
      "p10": -0.7585491792970258,
      "p50": 0.4851692638139997,
      "p90": 2.453926473314616
    },
    "dist_sma_50": {
      "mean": 0.013495125101096395,
      "std": 0.08949548876271017,
      "p10": -0.08548938851486791,
      "p50": 0.00836722327342998,
      "p90": 0.11815504486154461
    },
    "dist_sma_100": {
      "mean": 0.02885483439811528,
      "std": 0.1312300339531631,
      "p10": -0.11695773949065229,
      "p50": 0.018195535752298708,
      "p90": 0.18500234440878346
    },
    "dist_sma_200": {
      "mean": 0.06420241902328142,
      "std": 0.19634616708081745,
      "p10": -0.1510531217428334,
      "p50": 0.04290592986533692,
      "p90": 0.3041505908391578
    },
    "sma_50_200_align": {
      "mean": 0.6138952348547448,
      "std": 0.48685587555979115,
      "p10": 0.0,
      "p50": 1.0,
      "p90": 1.0
    },
    "sma_100_slope_63": {
      "mean": 0.04538740437595712,
      "std": 0.13648433772319224,
      "p10": -0.10752608919585595,
      "p50": 0.031696474714997036,
      "p90": 0.2117804507404164
    },
    "sma_200_slope_63": {
      "mean": 0.046307548052331136,
      "std": 0.10616719526747298,
      "p10": -0.07157674961278283,
      "p50": 0.03493958408433939,
      "p90": 0.17899860463056666
    },
    "pct_days_above_sma200_126": {
      "mean": 0.6230545403296096,
      "std": 0.3580986998071057,
      "p10": 0.03968253968253968,
      "p50": 0.7063492063492064,
      "p90": 1.0
    },
    "dist_high_252": {
      "mean": -0.18221129497365943,
      "std": 0.13357819796426978,
      "p10": -0.37344363516971996,
      "p50": -0.1563329812395664,
      "p90": -0.030914870652118148
    },
    "price_vs_52w_range": {
      "mean": 0.560682099689598,
      "std": 0.2886756697969616,
      "p10": 0.13577304843024401,
      "p50": 0.5979885409589507,
      "p90": 0.9257430145744215
    },
    "drawdown_252": {
      "mean": -0.16596933909023678,
      "std": 0.1338703244059635,
      "p10": -0.35691575510477974,
      "p50": -0.1392313762341293,
      "p90": -0.014326707911641982
    },
    "max_drawdown_126": {
      "mean": -0.2525004773727378,
      "std": 0.11294776821420041,
      "p10": -0.4101516959186359,
      "p50": -0.23460669577044213,
      "p90": -0.1236033800051175
    },
    "ulcer_index_126": {
      "mean": 0.2161559232098164,
      "std": 0.14699723078006438,
      "p10": 0.06117100323596744,
      "p50": 0.17828732864898142,
      "p90": 0.4222175182977994
    },
    "realized_vol_63": {
      "mean": 0.020763657059004896,
      "std": 0.0076395367688132584,
      "p10": 0.012648755795031346,
      "p50": 0.01934345445915759,
      "p90": 0.03044505724128921
    },
    "realized_vol_126": {
      "mean": 0.02115708137403371,
      "std": 0.007021693421415414,
      "p10": 0.013509014340605568,
      "p50": 0.01996045290662376,
      "p90": 0.030161291789139743
    },
    "realized_vol_252": {
      "mean": 0.021639430885353486,
      "std": 0.006485115844509707,
      "p10": 0.014307036351214638,
      "p50": 0.020623207950148874,
      "p90": 0.030209805670272035
    },
    "vol_ratio_63_252": {
      "mean": 0.9630588897697903,
      "std": 0.1962053751214545,
      "p10": 0.7202345119356577,
      "p50": 0.9534186084689715,
      "p90": 1.2147411672562933
    },
    "downside_vol_126": {
      "mean": 0.01183232734317814,
      "std": 0.0045185695578303115,
      "p10": 0.007363360680777588,
      "p50": 0.011130231853921887,
      "p90": 0.0168999451535143
    },
    "turnover_63": {
      "mean": 1734039497.028471,
      "std": 2600644745.98745,
      "p10": 141711139.51245642,
      "p50": 900836089.8971686,
      "p90": 3976287311.945335
    },
    "amihud_illiq_63": {
      "mean": 217.00450973420104,
      "std": 10123.421084944957,
      "p10": 3.7399842813896815e-12,
      "p50": 2.018530386856559e-11,
      "p90": 1.4322436552963744e-10
    },
    "dollar_vol_zscore_126": {
      "mean": 0.010270173342106292,
      "std": 1.06503649950367,
      "p10": -0.7330528422993005,
      "p50": -0.26259029861984184,
      "p90": 0.9475659867974183
    },
    "rs_index_63": {
      "mean": 0.022697352779650494,
      "std": 0.17620570346905573,
      "p10": -0.15887724772562686,
      "p50": 0.000328594594546594,
      "p90": 0.22455419249795958
    },
    "rs_index_126": {
      "mean": 0.0514744796847945,