{
  "features": [
    "ret_21d",
    "ret_42d",
    "ret_63d",
    "ret_126d",
    "ret_189d",
    "ret_252d",
    "ret_252_21",
    "mom_consistency_126",
    "mom_consistency_252",
    "sharpe_126",
    "sharpe_252",
    "vol_adj_mom_126",
    "vol_adj_mom_252",
    "dist_sma_50",
    "dist_sma_100",
    "dist_sma_200",
    "sma_50_200_align",
    "sma_100_slope_63",
    "sma_200_slope_63",
    "pct_days_above_sma200_126",
    "dist_high_252",
    "price_vs_52w_range",
    "drawdown_252",
    "max_drawdown_126",
    "ulcer_index_126",
    "realized_vol_63",
    "realized_vol_126",
    "realized_vol_252",
    "vol_ratio_63_252",
    "downside_vol_126",
    "turnover_63",
    "amihud_illiq_63",
    "dollar_vol_zscore_126",
    "rs_index_63",
    "rs_index_126",
    "rs_index_252",
    "rs_index_slope_21",
    "beta_index_252",
    "corr_index_252",
    "xs_rank_ret_126",
    "xs_rank_ret_252",
    "xs_rank_ret_252_21",
    "xs_rank_vol_adj_mom_126",
    "xs_rank_vol_adj_mom_252",
    "xs_rank_rs_index_126",
    "xs_rank_rs_index_252",
    "tsfm_fwd_ret",
    "tsfm_uncert",
    "kronos_fwd_ret",
    "chronos_fwd_ret",
    "chronos_uncert",
    "ens_fwd_ret"
  ],
  "n_rows": 41208,
  "stats": {
    "ret_21d": {
      "mean": 0.015041100624845252,
      "std": 0.10383530298452323,
      "p10": -0.09299529648446113,
      "p50": 0.006717904135096209,
      "p90": 0.1326580205002434
    },
    "ret_42d": {
      "mean": 0.0304623148663431,
      "std": 0.15185323715565588,
      "p10": -0.12714820827552298,
      "p50": 0.014781146870697648,
      "p90": 0.20591328624612892
    },
    "ret_63d": {
      "mean": 0.04705931487668001,
      "std": 0.1907764172522968,
      "p10": -0.15032387697322136,
      "p50": 0.024054641323500103,
      "p90": 0.2726198431870308
    },
    "ret_126d": {
      "mean": 0.1001362038092404,
      "std": 0.28766066082352076,
      "p10": -0.1933742554793144,
      "p50": 0.06358937830906064,
      "p90": 0.42541688328277916
    },
    "ret_189d": {
      "mean": 0.16868245439673552,
      "std": 0.4013407441623127,
      "p10": -0.20560013653777223,
      "p50": 0.09933686691479293,
      "p90": 0.5969713985938881
    },
    "ret_252d": {
      "mean": 0.2484528456991993,
      "std": 0.5207330343222046,
      "p10": -0.21680006888763462,
      "p50": 0.15096892390567096,
      "p90": 0.8261422741392911
    },
    "ret_252_21": {
      "mean": 0.2295641796306728,
      "std": 0.4857331636932727,
      "p10": -0.2120067779080077,
      "p50": 0.1402772903795486,
      "p90": 0.7733485814274961
    },
    "mom_consistency_126": {
      "mean": 0.5012761430204645,
      "std": 0.04665119179099754,
      "p10": 0.4444444444444444,
      "p50": 0.5,
      "p90": 0.5634920634920635
    },
    "mom_consistency_252": {
      "mean": 0.5028149873810911,
      "std": 0.035264883462867554,
      "p10": 0.4603174603174603,
      "p50": 0.5,
      "p90": 0.5515873015873016
    },
    "sharpe_126": {
      "mean": 0.03495129696437702,
      "std": 0.08604387698751881,
      "p10": -0.07710893462628425,
      "p50": 0.03611938072701878,
      "p90": 0.1455685929375853
    },
    "sharpe_252": {
      "mean": 0.03828810144921336,
      "std": 0.06093556642686273,
      "p10": -0.03971951277003301,
      "p50": 0.03871593165584557,
      "p90": 0.1162039090314782
    },
    "vol_adj_mom_126": {
      "mean": 0.4153425950271827,
      "std": 1.1163296877178834,
      "p10": -0.8846539378836321,
      "p50": 0.31361585909341494,
      "p90": 1.8544376509546023
    },
    "vol_adj_mom_252": {
      "mean": 0.6765965400975967,
      "std": 1.3178567052271803,
      "p10": -0.7379491202310134,
      "p50": 0.49508594743034573,
      "p90": 2.2870428906338316
    },
    "dist_sma_50": {
      "mean": 0.0132471752927067,
      "std": 0.09072129887696154,
      "p10": -0.08253346232572595,
      "p50": 0.007770613457095177,
      "p90": 0.11781566901793769
    },
    "dist_sma_100": {
      "mean": 0.027747522980422278,
      "std": 0.13020768579890804,
      "p10": -0.11157949737033815,
      "p50": 0.018352283702271488,
      "p90": 0.183732362427131
    },
    "dist_sma_200": {
      "mean": 0.06026984791814427,
      "std": 0.18930237710864392,
      "p10": -0.13980558958750153,
      "p50": 0.0428758745132799,
      "p90": 0.284886941267364
    },
    "sma_50_200_align": {
      "mean": 0.6272325761987964,
      "std": 0.4835468391326745,
      "p10": 0.0,
      "p50": 1.0,
      "p90": 1.0
    },
    "sma_100_slope_63": {
      "mean": 0.04217045480679786,
      "std": 0.13120065819936602,
      "p10": -0.10237811743315511,
      "p50": 0.03211947868079512,
      "p90": 0.19794274125124953
    },
    "sma_200_slope_63": {
      "mean": 0.04347816387415726,
      "std": 0.10022264074683344,
      "p10": -0.06262267460113488,
      "p50": 0.035390057012987586,
      "p90": 0.16089280041533405
    },
    "pct_days_above_sma200_126": {
      "mean": 0.6338603923417553,
      "std": 0.3453054942014054,
      "p10": 0.07936507936507936,
      "p50": 0.7063492063492064,
      "p90": 1.0
    },
    "dist_high_252": {
      "mean": -0.17424076728205207,
      "std": 0.12877605223269628,
      "p10": -0.34401633452690117,
      "p50": -0.14969907969972052,
      "p90": -0.03134292970415464
    },
    "price_vs_52w_range": {
      "mean": 0.5712216123838225,
      "std": 0.28032915917521134,
      "p10": 0.15505034701223766,
      "p50": 0.6096863360848637,
      "p90": 0.9253801589208878
    },
    "drawdown_252": {
      "mean": -0.1603233248358946,
      "std": 0.12979952544874968,
      "p10": -0.33219239058032424,
      "p50": -0.1354414837310563,
      "p90": -0.015819033081883708
    },
    "max_drawdown_126": {
      "mean": -0.25134080649279555,
      "std": 0.11791813084614382,
      "p10": -0.38898202255777425,
      "p50": -0.2311358704103088,
      "p90": -0.12570557309320674
    },
    "ulcer_index_126": {
      "mean": 0.20373991107680817,
      "std": 0.13813839591455876,
      "p10": 0.06346783883966432,
      "p50": 0.16612045024228764,
      "p90": 0.40012349345665615
    },
    "realized_vol_63": {
      "mean": 0.02042625441087151,
      "std": 0.007776641487999749,
      "p10": 0.01291946808132998,
      "p50": 0.018818957178394054,
      "p90": 0.029651708940285258
    },
    "realized_vol_126": {
      "mean": 0.020836867533895704,
      "std": 0.007039799724056221,
      "p10": 0.013730847168384587,
      "p50": 0.019559820212778495,
      "p90": 0.029343240531585806
    },
    "realized_vol_252": {
      "mean": 0.021296729408229638,
      "std": 0.006377636452814407,
      "p10": 0.014490081559121891,
      "p50": 0.019978089385081443,
      "p90": 0.03009501557807358
    },
    "vol_ratio_63_252": {
      "mean": 0.9624713939371284,
      "std": 0.1981608283283674,
      "p10": 0.715439747186879,
      "p50": 0.953349809251145,
      "p90": 1.2112035197652011
    },
    "downside_vol_126": {
      "mean": 0.011923712751498597,
      "std": 0.004984635759025225,
      "p10": 0.007548845978424142,
      "p50": 0.011125277348675355,
      "p90": 0.016820748302906596
    },
    "turnover_63": {
      "mean": 2084206946.1802661,
      "std": 2427034069.337481,
      "p10": 249432439.98725352,
      "p50": 1195721400.960722,
      "p90": 5234354167.5298395
    },
    "amihud_illiq_63": {
      "mean": 3.8589586067868534e-11,
      "std": 8.191424673611808e-11,
      "p10": 3.0717076123013226e-12,
      "p50": 1.4988214271057003e-11,
      "p90": 8.01169813006462e-11
    },
    "dollar_vol_zscore_126": {
      "mean": 0.007019162889016439,
      "std": 1.053042552197764,
      "p10": -0.7473065728087437,
      "p50": -0.2709780592798887,
      "p90": 0.9835434401509632
    },
    "rs_index_63": {
      "mean": 0.021962372424838443,
      "std": 0.1751211995430599,
      "p10": -0.1535965013369551,
      "p50": 0.0022683596523031535,
      "p90": 0.2204506859963713
    },
    "rs_index_126": {
      "mean": 0.04513315894912824,