{
  "features": [
    "score_pct",
    "score_z",
    "score_dispersion",
    "score_gap",
    "regime_bull",
    "regime_bear",
    "regime_confidence",
    "days_since_switch",
    "mkt_rv21",
    "mkt_ret_21",
    "mkt_dist_high_63",
    "realized_vol_21",
    "beta_index_63",
    "rel_volume_21",
    "pullback_from_high_21",
    "tsfm_fwd_ret",
    "tsfm_uncert",
    "kronos_fwd_ret",
    "chronos_fwd_ret",
    "chronos_uncert",
    "ens_fwd_ret",
    "tsfm_kronos_spread"
  ],
  "n_rows": 228929,
  "stats": {
    "score_pct": {
      "mean": 0.5016358783727706,
      "std": 0.28867422089040945,
      "p10": 0.10101010101010101,
      "p50": 0.501628664495114,
      "p90": 0.9022801302931596
    },
    "score_z": {
      "mean": 4.0348997133964254e-18,
      "std": 0.998364960119648,
      "p10": -1.0769518183418127,
      "p50": -0.21666409097120315,
      "p90": 1.424742371140448
    },
    "score_dispersion": {
      "mean": 0.5855077467841624,
      "std": 0.11207166760053631,
      "p10": 0.405448902135339,
      "p50": 0.595779911691515,
      "p90": 0.7221983307481135
    },
    "score_gap": {
      "mean": 0.01792434957754422,
      "std": 0.053830488870838474,
      "p10": 0.0010051275784143698,
      "p50": 0.007350196325221137,
      "p90": 0.035175440638429
    },
    "regime_bull": {
      "mean": 0.26886065111890584,
      "std": 0.44336831198584,
      "p10": 0.0,
      "p50": 0.0,
      "p90": 1.0
    },
    "regime_bear": {
      "mean": 0.3973502701711011,
      "std": 0.4893506707720278,
      "p10": 0.0,
      "p50": 0.0,
      "p90": 1.0
    },
    "regime_confidence": {
      "mean": 0.6245677335185434,
      "std": 0.14336819574418597,
      "p10": 0.3333333333333333,
      "p50": 0.6666666666666666,
      "p90": 0.6666666666666666
    },
    "days_since_switch": {
      "mean": 27.229481629675576,
      "std": 21.868516570113407,
      "p10": 3.0,
      "p50": 23.0,
      "p90": 59.0
    },
    "mkt_rv21": {
      "mean": 0.007135671626346363,
      "std": 0.0026728801389286423,
      "p10": 0.004714562563875093,
      "p50": 0.006519448796902867,
      "p90": 0.009813190510975227
    },
    "mkt_ret_21": {
      "mean": 0.010314343424483414,
      "std": 0.03142335787784192,
      "p10": -0.028995326185145887,
      "p50": 0.00994015099051393,
      "p90": 0.04803777800173337
    },
    "mkt_dist_high_63": {
      "mean": -0.02645822487304341,
      "std": 0.02673186246786412,
      "p10": -0.06929534908912705,
      "p50": -0.018051176783918432,
      "p90": 0.0
    },
    "realized_vol_21": {
      "mean": 0.019530268450289955,
      "std": 0.009152639945155666,
      "p10": 0.01071151622533864,
      "p50": 0.017603009113543854,
      "p90": 0.03015628946138201
    },
    "beta_index_63": {
      "mean": 0.9722493151326018,
      "std": 0.5306222444131925,
      "p10": 0.3340095369457571,
      "p50": 0.9470493617237062,
      "p90": 1.6460514568532032
    },
    "rel_volume_21": {
      "mean": 1.0193997300851712,
      "std": 0.9725791604018923,
      "p10": 0.37767146918989275,
      "p50": 0.7824077087430611,
      "p90": 1.782700182109676
    },
    "pullback_from_high_21": {
      "mean": -0.048790840516032635,
      "std": 0.050116588850166295,
      "p10": -0.11198196840227784,
      "p50": -0.03640598304003384,
      "p90": 0.0
    },
    "tsfm_fwd_ret": {
      "mean": -0.005063468809461062,
      "std": 0.034279459689020735,
      "p10": -0.0300671688231402,
      "p50": -0.003598598236726369,
      "p90": 0.017225795891881335
    },
    "tsfm_uncert": {
      "mean": 0.0,
      "std": 0.0,
      "p10": 0.0,
      "p50": 0.0,
      "p90": 0.0
    },
    "kronos_fwd_ret": {
      "mean": -0.10114489366006978,
      "std": 0.18590146743676053,
      "p10": -0.33308554333035356,
      "p50": -0.07875786935811069,
      "p90": 0.08036677789208801
    },
    "chronos_fwd_ret": {
      "mean": 0.0008111304232882516,
      "std": 0.014674640537770256,
      "p10": -0.01272579812945096,
      "p50": 0.001207356904086021,
      "p90": 0.01390611069551051
    },
    "chronos_uncert": {
      "mean": 0.1480209075287001,
      "std": 0.05775527594634442,
      "p10": 0.09092698696950038,
      "p50": 0.13806113711825316,
      "p90": 0.21558270756272604
    },
    "ens_fwd_ret": {
      "mean": -0.03513241068208086,
      "std": 0.0647871245487355,
      "p10": -0.11296089869397363,
      "p50": -0.02816263411888546,
      "p90": 0.02705930529108458
    },
    "tsfm_kronos_spread": {
      "mean": 0.14704260347527084,
      "std": 0.14395112806851554,
      "p10": 0.016824143710052364,
      "p50": 0.10196519096719359,
      "p90": 0.3406057873858752
    }
  }
}