{
  "features": [
    "ret_21d",
    "ret_42d",
    "ret_63d",
    "ret_126d",
    "ret_189d",
    "ret_252d",
    "ret_252_21",
    "mom_consistency_126",
    "mom_consistency_252",
    "sharpe_126",
    "sharpe_252",
    "vol_adj_mom_126",
    "vol_adj_mom_252",
    "dist_sma_50",
    "dist_sma_100",
    "dist_sma_200",
    "sma_50_200_align",
    "sma_100_slope_63",
    "sma_200_slope_63",
    "pct_days_above_sma200_126",
    "dist_high_252",
    "price_vs_52w_range",
    "drawdown_252",
    "max_drawdown_126",
    "ulcer_index_126",
    "realized_vol_63",
    "realized_vol_126",
    "realized_vol_252",
    "vol_ratio_63_252",
    "downside_vol_126",
    "turnover_63",
    "amihud_illiq_63",
    "dollar_vol_zscore_126",
    "rs_index_63",
    "rs_index_126",
    "rs_index_252",
    "rs_index_slope_21",
    "beta_index_252",
    "corr_index_252",
    "xs_rank_ret_126",
    "xs_rank_ret_252",
    "xs_rank_ret_252_21",
    "xs_rank_vol_adj_mom_126",
    "xs_rank_vol_adj_mom_252",
    "xs_rank_rs_index_126",
    "xs_rank_rs_index_252",
    "tsfm_fwd_ret",
    "tsfm_uncert",
    "kronos_fwd_ret",
    "chronos_fwd_ret",
    "chronos_uncert",
    "ens_fwd_ret"
  ],
  "n_rows": 308515,
  "stats": {
    "ret_21d": {
      "mean": 0.014975430220456385,
      "std": 0.10199421834445202,
      "p10": -0.0974474775117099,
      "p50": 0.007878800547627796,
      "p90": 0.1333868399977514
    },
    "ret_42d": {
      "mean": 0.030717043294338216,
      "std": 0.15125358649227136,
      "p10": -0.1325559346773407,
      "p50": 0.015595908981647977,
      "p90": 0.20837197824091502
    },
    "ret_63d": {
      "mean": 0.048280674039963646,
      "std": 0.19258558708349421,
      "p10": -0.1567629671371648,
      "p50": 0.0247506199030465,
      "p90": 0.2757122466725115
    },
    "ret_126d": {
      "mean": 0.10703724494164553,
      "std": 0.30098797522045145,
      "p10": -0.20679240888422676,
      "p50": 0.062245533180359525,
      "p90": 0.4639967329437756
    },
    "ret_189d": {
      "mean": 0.18047864933371752,
      "std": 0.4184889599576155,
      "p10": -0.223935798746674,
      "p50": 0.10000444018194465,
      "p90": 0.6641246068253726
    },
    "ret_252d": {
      "mean": 0.2676497602562741,
      "std": 0.5590558906464763,
      "p10": -0.23890999656545991,
      "p50": 0.1450943968777645,
      "p90": 0.9080896328648331
    },
    "ret_252_21": {
      "mean": 0.24676075870256692,
      "std": 0.5196704881511799,
      "p10": -0.23265842185108981,
      "p50": 0.13627045664723858,
      "p90": 0.844784594803418
    },
    "mom_consistency_126": {
      "mean": 0.4970376012691621,
      "std": 0.049274595570487655,
      "p10": 0.4365079365079365,
      "p50": 0.5,
      "p90": 0.5555555555555556
    },
    "mom_consistency_252": {
      "mean": 0.4982058833289731,
      "std": 0.03820592849026715,
      "p10": 0.44841269841269843,
      "p50": 0.5,
      "p90": 0.5476190476190477
    },
    "sharpe_126": {
      "mean": 0.03575142700390377,
      "std": 0.08885620517076098,
      "p10": -0.07835783073326354,
      "p50": 0.035554762403792295,
      "p90": 0.1506894263474065
    },
    "sharpe_252": {
      "mean": 0.03980297497662752,
      "std": 0.06347983515248909,
      "p10": -0.04100981739436746,
      "p50": 0.038046112331459006,
      "p90": 0.12331570370652854
    },
    "vol_adj_mom_126": {
      "mean": 0.4258180864184312,
      "std": 1.1386763146523282,
      "p10": -0.909684792155787,
      "p50": 0.3064590010214504,
      "p90": 1.9294787638107118
    },
    "vol_adj_mom_252": {
      "mean": 0.7105954214445623,
      "std": 1.3585119196699307,
      "p10": -0.7585365414426076,
      "p50": 0.48552057051498704,
      "p90": 2.4541455239668273
    },
    "dist_sma_50": {
      "mean": 0.013502168960630655,
      "std": 0.08949961726157583,
      "p10": -0.08548118353487692,
      "p50": 0.008376708905277752,
      "p90": 0.11817361794229339
    },
    "dist_sma_100": {
      "mean": 0.028870354585301683,
      "std": 0.13123608380176885,
      "p10": -0.11694652846583124,
      "p50": 0.018214970576781786,
      "p90": 0.18503299187504962
    },
    "dist_sma_200": {
      "mean": 0.0642295749553407,
      "std": 0.19635114427767314,
      "p10": -0.1510357769859643,
      "p50": 0.042941166952844334,
      "p90": 0.30418928912033444
    },
    "sma_50_200_align": {
      "mean": 0.613960423318153,
      "std": 0.486840620899573,
      "p10": 0.0,
      "p50": 1.0,
      "p90": 1.0
    },
    "sma_100_slope_63": {
      "mean": 0.04540258902512951,
      "std": 0.13648906072002193,
      "p10": -0.10752423934812638,
      "p50": 0.03171289170546254,
      "p90": 0.21179537613257507
    },
    "sma_200_slope_63": {
      "mean": 0.046318113171101766,
      "std": 0.10617340319063073,
      "p10": -0.07157674961278283,
      "p50": 0.03495754735795775,
      "p90": 0.17901011580958803
    },
    "pct_days_above_sma200_126": {
      "mean": 0.6230922372892779,
      "std": 0.3580895538122629,
      "p10": 0.03968253968253968,
      "p50": 0.7063492063492064,
      "p90": 1.0
    },
    "dist_high_252": {
      "mean": -0.18220303195611598,
      "std": 0.13358300681761526,
      "p10": -0.3734507392124716,
      "p50": -0.1563191284434705,
      "p90": -0.030913366314924154
    },
    "price_vs_52w_range": {
      "mean": 0.5607194498279066,
      "std": 0.28867326580051367,
      "p10": 0.13578148896266962,
      "p50": 0.5980531161403898,
      "p90": 0.9257483178852319
    },
    "drawdown_252": {
      "mean": -0.1659608207450632,
      "std": 0.1338749117395838,
      "p10": -0.3569258602982383,
      "p50": -0.13921401232604047,
      "p90": -0.014326247159820601
    },
    "max_drawdown_126": {
      "mean": -0.2525033856913757,
      "std": 0.11295546588933776,
      "p10": -0.4101516959186359,
      "p50": -0.23460669577044213,
      "p90": -0.1236033800051175
    },
    "ulcer_index_126": {
      "mean": 0.21613516689878964,
      "std": 0.1469863858067258,
      "p10": 0.06116754940169402,
      "p50": 0.17824455357781588,
      "p90": 0.42217524889588304
    },
    "realized_vol_63": {
      "mean": 0.020763642086464733,
      "std": 0.007640242147861696,
      "p10": 0.012648380892890589,
      "p50": 0.019343127983440823,
      "p90": 0.03044723423562436
    },
    "realized_vol_126": {
      "mean": 0.02115776443999407,
      "std": 0.007022149999165019,
      "p10": 0.013509014340605568,
      "p50": 0.019961769780702524,
      "p90": 0.03016244733932783
    },
    "realized_vol_252": {
      "mean": 0.021640213368457284,
      "std": 0.006485568250317839,
      "p10": 0.014307036351214638,
      "p50": 0.020624672077453568,
      "p90": 0.030210605817313888
    },
    "vol_ratio_63_252": {
      "mean": 0.9630168168164209,
      "std": 0.1961968466345174,
      "p10": 0.7202204073516626,
      "p50": 0.9533614777119396,
      "p90": 1.2146828716609441
    },
    "downside_vol_126": {
      "mean": 0.011832739188683078,
      "std": 0.0045189771435866066,
      "p10": 0.007363013738506452,
      "p50": 0.01113066250946074,
      "p90": 0.01690029750511388
    },
    "turnover_63": {
      "mean": 1734316408.8443425,
      "std": 2600893387.44919,
      "p10": 141761270.8861584,
      "p50": 901041032.3308784,
      "p90": 3977426098.8973937
    },
    "amihud_illiq_63": {
      "mean": 217.0607804528978,
      "std": 10124.732936285624,
      "p10": 3.7389404802638774e-12,
      "p50": 2.0180271752235713e-11,
      "p90": 1.4315144785980348e-10
    },
    "dollar_vol_zscore_126": {
      "mean": 0.010230982192343805,
      "std": 1.0649813168867885,
      "p10": -0.7330907067584467,
      "p50": -0.26263642026540446,
      "p90": 0.9477251001770037
    },
    "rs_index_63": {
      "mean": 0.022691930348256284,
      "std": 0.1762197489719469,
      "p10": -0.15888444256710338,
      "p50": 0.0003182641938024311,
      "p90": 0.2245576983553101
    },
    "rs_index_126": {
      "mean": 0.05147977023035848,